,size,speed,energy
0,50.11007012851007,447.626098469902,50
1,205.39362537862695,247.4189412210406,50
2,358.61117105107786,42.38516951044623,50
3,446.267087151548,161.1846665412281,50
4,377.4759018685446,148.42435575307738,50
