,size,speed,energy
0,362.4759018685446,223.42435575307738,8.641904289393779
1,431.267087151548,176.1846665412281,46.00239445290916
2,362.4759018685446,193.42435575307738,14.963029448528937
3,476.267087151548,131.1846665412281,59.72664748211376
4,377.4759018685446,208.42435575307738,63.21422399297167
5,362.4759018685446,193.42435575307738,58.11484989631537
6,347.4759018685446,208.42435575307738,34.566479946071844
7,362.4759018685446,223.42435575307738,66.48737592692832
