,size,speed,energy
0,446.267087151548,161.1846665412281,6.552282006839596
1,377.4759018685446,148.42435575307738,18.805498271977047
