,size,speed,energy
0,446.267087151548,161.1846665412281,63.1747455213123
1,377.4759018685446,148.42435575307738,53.99417544957133
