,size,speed,energy
0,446.267087151548,161.1846665412281,48.43839628470369
1,377.4759018685446,148.42435575307738,60.15806527022728
