,size,speed,energy
0,446.267087151548,161.1846665412281,65.57823393846728
1,377.4759018685446,148.42435575307738,57.41442884164623
2,362.4759018685446,163.42435575307738,25.583576545706016
