,size,speed,energy
0,50.11007012851007,447.626098469902,12.69081568441095
1,205.39362537862695,247.4189412210406,26.04608054994131
2,358.61117105107786,42.38516951044623,39.832245520068454
3,446.267087151548,161.1846665412281,28.53623795943386
4,377.4759018685446,148.42435575307738,30.86284793502754
