,size,speed,energy
0,446.267087151548,161.1846665412281,33.90262018621893
1,377.4759018685446,148.42435575307738,46.87690663122363
