,size,speed,energy
0,446.267087151548,161.1846665412281,28.01604404740596
1,377.4759018685446,148.42435575307738,37.94265033694973
