,size,speed,energy
0,446.267087151548,161.1846665412281,59.64196434390656
1,377.4759018685446,148.42435575307738,57.96881056828947
2,362.4759018685446,163.42435575307738,24.18248997379686
3,461.267087151548,146.1846665412281,78.77229125889546
4,347.4759018685446,178.42435575307738,69.7407213283899
5,392.4759018685446,163.42435575307738,70.67065056489727
6,476.267087151548,131.1846665412281,7.081148412537357
7,362.4759018685446,193.42435575307738,53.8234650705228
