,size,speed,energy
0,446.267087151548,161.1846665412281,55.366382226785014
1,377.4759018685446,148.42435575307738,34.183462519010185
