,size,speed,energy
0,446.267087151548,161.1846665412281,45.51459127367766
1,377.4759018685446,148.42435575307738,24.841122300421382
2,461.267087151548,176.1846665412281,34.13071109262307
