,size,speed,energy
0,362.4759018685446,223.42435575307738,23.513468951609696
1,431.267087151548,176.1846665412281,49.689094759199634
2,476.267087151548,131.1846665412281,49.0078562418267
3,377.4759018685446,208.42435575307738,41.693190415801276
4,362.4759018685446,193.42435575307738,71.3833743254511
5,347.4759018685446,208.42435575307738,9.905564614930604
6,362.4759018685446,223.42435575307738,54.71461429584251
7,446.267087151548,191.1846665412281,19.72245732255647
8,461.267087151548,146.1846665412281,50.49914331506905
