,size,speed,energy
0,446.267087151548,161.1846665412281,40.137649333738686
1,437.4759018685446,208.42435575307738,56.05921679887547
2,362.4759018685446,223.42435575307738,59.76174986927066
3,362.4759018685446,163.42435575307738,44.537501024258646
4,446.267087151548,161.1846665412281,39.61994962209764
5,377.4759018685446,208.42435575307738,58.01982404329646
6,362.4759018685446,223.42435575307738,21.56923394714873
7,392.4759018685446,193.42435575307738,27.84921399622266
8,362.4759018685446,223.42435575307738,32.11101426365272
