,size,speed,energy
0,446.267087151548,161.1846665412281,46.75359147185621
1,377.4759018685446,148.42435575307738,51.39515825227753
