,size,speed,energy
0,446.267087151548,161.1846665412281,65.8200521226005
1,377.4759018685446,148.42435575307738,40.26766663689784
