,size,speed,energy
0,446.267087151548,161.1846665412281,38.127649531161694
1,377.4759018685446,148.42435575307738,74.19555376735873
2,362.4759018685446,163.42435575307738,53.1720293945572
3,461.267087151548,146.1846665412281,59.12799305192348
4,461.267087151548,146.1846665412281,14.194778228764008
5,347.4759018685446,178.42435575307738,27.688663272852985
