,size,speed,energy
0,446.267087151548,161.1846665412281,25.289829431290016
1,377.4759018685446,148.42435575307738,32.25800618730509
