,size,speed,energy
0,446.267087151548,161.1846665412281,42.0280568702292
1,377.4759018685446,148.42435575307738,13.1208541223323
