,size,speed,energy
0,205.39362537862695,247.4189412210406,14.077002264295741
1,358.61117105107786,42.38516951044623,9.328982080273818
2,446.267087151548,161.1846665412281,52.763344464114724
3,377.4759018685446,148.42435575307738,23.81771620599017
