,size,speed,energy
0,446.267087151548,161.1846665412281,47.98518845729713
1,377.4759018685446,148.42435575307738,29.816659707148915
2,461.267087151548,176.1846665412281,38.55752736707236
