,size,speed,energy
0,446.267087151548,161.1846665412281,62.958797145887324
1,377.4759018685446,148.42435575307738,34.04492813466756
2,461.267087151548,176.1846665412281,11.166949052056896
