,size,speed,energy
0,446.267087151548,161.1846665412281,41.49503510532124
1,377.4759018685446,148.42435575307738,51.9984674294706
