,size,speed,energy
0,446.267087151548,161.1846665412281,77.73918373054568
1,377.4759018685446,148.42435575307738,14.148059141208815
