,size,speed,energy
0,205.39362537862695,247.4189412210406,32.01291136310658
1,358.61117105107786,42.38516951044623,29.66449104013691
2,446.267087151548,161.1846665412281,33.229606749159004
3,377.4759018685446,148.42435575307738,11.725695870054743
