,size,speed,energy
0,446.267087151548,161.1846665412281,66.26958188026553
1,377.4759018685446,148.42435575307738,56.880219590303184
2,362.4759018685446,163.42435575307738,46.85295884677552
