,size,speed,energy
0,362.4759018685446,223.42435575307738,48.463121016582534
1,431.267087151548,176.1846665412281,49.59656401259071
2,476.267087151548,131.1846665412281,58.95348812538468
3,377.4759018685446,208.42435575307738,39.20207192799869
4,362.4759018685446,193.42435575307738,79.61355321163794
5,347.4759018685446,208.42435575307738,11.116827881099063
6,362.4759018685446,223.42435575307738,52.03025607813011
