,size,speed,energy
0,362.4759018685446,223.42435575307738,22.08464523287204
1,431.267087151548,176.1846665412281,30.81486566579911
2,362.4759018685446,193.42435575307738,16.19021899406912
3,476.267087151548,131.1846665412281,61.36103682753108
4,377.4759018685446,208.42435575307738,41.67734204430983
5,362.4759018685446,193.42435575307738,45.18266709351725
6,347.4759018685446,208.42435575307738,29.60612974249557
7,362.4759018685446,223.42435575307738,57.21058364608689
