,size,speed,energy
0,446.267087151548,161.1846665412281,36.58690098043426
1,377.4759018685446,148.42435575307738,63.87611133920882
2,362.4759018685446,163.42435575307738,33.09737732958419
3,461.267087151548,146.1846665412281,60.06502447029702
4,347.4759018685446,178.42435575307738,73.36096518655962
5,392.4759018685446,163.42435575307738,23.396111339208687
6,476.267087151548,131.1846665412281,26.669910453103718
