,size,speed,energy
0,446.267087151548,161.1846665412281,58.66337006247665
1,362.4759018685446,223.42435575307738,14.172835944884014
2,362.4759018685446,163.42435575307738,50.12105644279981
3,362.4759018685446,223.42435575307738,46.5613604289697
4,431.267087151548,176.1846665412281,59.08610238077141
5,431.267087151548,146.1846665412281,53.454378976849455
6,377.4759018685446,178.42435575307738,49.08826652257168
7,347.4759018685446,208.42435575307738,47.077477450423
8,461.267087151548,146.1846665412281,64.89978768206763
