,size,speed,energy
0,205.39362537862695,247.4189412210406,8.05899191304783
1,358.61117105107786,42.38516951044623,19.496736560205363
2,446.267087151548,161.1846665412281,11.76584470859262
3,377.4759018685446,148.42435575307738,17.12942171521751
