,size,speed,energy
0,362.4759018685446,223.42435575307738,38.02464985684878
1,377.4759018685446,208.42435575307738,60.59185687011395
2,446.267087151548,191.1846665412281,19.99995562552596
3,416.267087151548,191.1846665412281,32.72547779374352
4,377.4759018685446,238.42435575307738,43.807667093051904
5,392.4759018685446,193.42435575307738,71.21715101377227
6,377.4759018685446,178.42435575307738,27.237685502757405
7,377.4759018685446,208.42435575307738,9.086666540830352
8,362.4759018685446,223.42435575307738,28.77270964890819
